{"min_openness": 0.27089045959773883, "max_openness": 0.8517902058849147}